rank,prev_rank,name,league,off,def,spi
1,1,Manchester City,Barclays Premier League,3.31,0.26,94.9
2,2,Bayern Munich,German Bundesliga,3.48,0.41,93.96
3,3,Liverpool,Barclays Premier League,2.92,0.29,92.56
4,6,Paris Saint-Germain,French Ligue 1,2.93,0.48,89.81
5,5,Real Madrid,Spanish Primera Division,2.85,0.47,89.34
6,4,Barcelona,Spanish Primera Division,2.94,0.54,88.97
7,7,Atletico Madrid,Spanish Primera Division,2.22,0.29,86.75
8,11,RB Leipzig,German Bundesliga,2.67,0.59,85.72
9,8,Chelsea,Barclays Premier League,2.56,0.55,85.22
10,9,Juventus,Italy Serie A,2.52,0.54,85.12
11,10,Leicester City,Barclays Premier League,2.29,0.49,83.55
12,12,Tottenham Hotspur,Barclays Premier League,2.53,0.64,83.27
13,16,Borussia Dortmund,German Bundesliga,2.54,0.65,83.07
14,13,Ajax,Dutch Eredivisie,2.91,0.97,81.33
15,18,Manchester United,Barclays Premier League,2.2,0.54,81.2
16,15,Bayer Leverkusen,German Bundesliga,2.26,0.63,80.18
17,17,Sevilla FC,Spanish Primera Division,2.08,0.53,79.9
18,19,Internazionale,Italy Serie A,2.34,0.69,79.89
19,14,FC Salzburg,Austrian T-Mobile Bundesliga,2.88,1.07,79.34
20,22,Getafe,Spanish Primera Division,1.79,0.38,79.22
21,26,Real Sociedad,Spanish Primera Division,2.14,0.6,79.07
22,20,Napoli,Italy Serie A,2.25,0.69,78.66
23,27,Benfica,Portuguese Liga,2.25,0.73,77.92
24,23,Everton,Barclays Premier League,2.09,0.64,77.53
25,28,Atalanta,Italy Serie A,2.36,0.85,76.85
26,21,Zenit St Petersburg,Russian Premier Liga,2.03,0.64,76.67
27,25,AS Roma,Italy Serie A,2.1,0.7,76.22
28,30,Wolverhampton,Barclays Premier League,1.94,0.6,76.17
29,24,FC Porto,Portuguese Liga,1.94,0.61,75.86
30,32,Arsenal,Barclays Premier League,2.24,0.83,75.54
31,31,Borussia Monchengladbach,German Bundesliga,2.24,0.86,74.81
32,29,Athletic Bilbao,Spanish Primera Division,1.74,0.55,74.05
33,35,Lazio,Italy Serie A,2.1,0.83,73.4
34,33,Eintracht Frankfurt,German Bundesliga,2.13,0.85,73.37
35,37,AC Milan,Italy Serie A,1.91,0.71,73.11
36,40,Valencia,Spanish Primera Division,2.13,0.87,72.85
37,36,Lyon,French Ligue 1,1.93,0.74,72.61
38,38,Villarreal,Spanish Primera Division,2.12,0.88,72.53
39,39,VfL Wolfsburg,German Bundesliga,1.83,0.68,72.39
40,34,Flamengo,Brasileiro Série A,2.08,0.88,71.72
41,49,Olympiacos,Greek Super League,1.99,0.82,71.65
42,41,Club Brugge,Belgian Jupiler League,1.99,0.83,71.48
43,43,Osasuna,Spanish Primera Division,1.85,0.76,70.72
44,53,Sheffield United,Barclays Premier League,1.78,0.72,70.44
45,50,AZ,Dutch Eredivisie,2.1,0.96,70.35
46,45,Crystal Palace,Barclays Premier League,1.78,0.72,70.27
47,42,TSG Hoffenheim,German Bundesliga,2.2,1.04,70.17
48,57,Marseille,French Ligue 1,1.82,0.76,70.05
49,48,Lille,French Ligue 1,1.77,0.73,70.04
50,44,Shakhtar Donetsk,UEFA Champions League,2.13,1.01,69.87
51,46,Schalke 04,German Bundesliga,1.95,0.87,69.8
52,64,Basel,Swiss Raiffeisen Super League,2.13,1.02,69.65
53,56,Eibar,Spanish Primera Division,1.73,0.73,69.35
54,47,Burnley,Barclays Premier League,1.87,0.83,69.34
55,55,Real Betis,Spanish Primera Division,1.96,0.9,69.28
56,51,AFC Bournemouth,Barclays Premier League,1.9,0.87,68.97
57,62,Granada,Spanish Primera Division,1.7,0.72,68.82
58,52,Brighton and Hove Albion,Barclays Premier League,1.88,0.86,68.71
59,54,Celta Vigo,Spanish Primera Division,1.76,0.79,68.2
60,58,Leeds United,English League Championship,1.81,0.84,67.98
61,66,Fiorentina,Italy Serie A,1.86,0.9,67.58
62,77,Watford,Barclays Premier League,1.77,0.83,67.57
63,61,Espanyol,Spanish Primera Division,1.78,0.84,67.42
64,75,AS Monaco,French Ligue 1,1.88,0.92,67.31
65,60,FC Krasnodar,Russian Premier Liga,1.77,0.84,67.26
66,70,Dynamo Kiev,UEFA Europa League,1.97,1.01,67.02
67,69,PAOK Salonika,Greek Super League,1.92,0.97,66.93
68,67,Rangers,Scottish Premiership,2.01,1.05,66.79
69,59,Celtic,Scottish Premiership,1.93,0.98,66.71
70,73,Palmeiras,Brasileiro Série A,1.67,0.79,66.46
71,85,LASK Linz,Austrian T-Mobile Bundesliga,1.85,0.94,66.42
72,74,West Ham United,Barclays Premier League,1.87,0.96,66.1
73,78,Leganes,Spanish Primera Division,1.61,0.77,65.85
74,63,Werder Bremen,German Bundesliga,2.02,1.1,65.83
75,71,Southampton,Barclays Premier League,1.87,0.98,65.8
76,68,Alavés,Spanish Primera Division,1.71,0.87,65.45
77,72,Dinamo Zagreb,UEFA Champions League,2.05,1.14,65.45
78,91,Santos,Brasileiro Série A,1.6,0.78,65.25
79,65,Aston Villa,Barclays Premier League,1.91,1.03,65.24
80,76,River Plate,Argentina Primera Division,1.81,0.96,65.08
81,79,Montpellier,French Ligue 1,1.58,0.77,65.08
82,80,Newcastle,Barclays Premier League,1.69,0.87,64.79
83,95,FC Augsburg,German Bundesliga,1.93,1.07,64.66
84,81,Young Boys,Swiss Raiffeisen Super League,2.2,1.31,64.39
85,90,CSKA Moscow,Russian Premier Liga,1.63,0.84,64.35
86,87,PSV,Dutch Eredivisie,2.03,1.18,64.29
87,82,Hertha Berlin,German Bundesliga,1.86,1.03,64.25
88,94,1. FC Union Berlin,German Bundesliga,1.73,0.93,64.06
89,88,Nantes,French Ligue 1,1.48,0.73,63.9
90,89,Brentford,English League Championship,1.61,0.86,63.48
91,100,Slavia Prague,UEFA Champions League,1.92,1.13,63.19
92,97,Angers,French Ligue 1,1.49,0.79,62.78
93,83,Grêmio,Brasileiro Série A,1.65,0.93,62.69
94,92,Bologna,Italy Serie A,1.79,1.05,62.57
95,106,SC Freiburg,German Bundesliga,1.78,1.04,62.41
96,105,FC Midtjylland,Danish SAS-Ligaen,1.72,0.99,62.4
97,98,Strasbourg,French Ligue 1,1.64,0.93,62.4
98,84,Real Valladolid,Spanish Primera Division,1.55,0.85,62.35
99,99,Levante,Spanish Primera Division,1.94,1.19,62.22
100,112,FC Cologne,German Bundesliga,1.69,0.98,62.17
101,117,Braga,Portuguese Liga,1.7,0.99,62.05
102,101,Atlético Paranaense,Brasileiro Série A,1.42,0.75,62.05
103,113,Reims,French Ligue 1,1.38,0.72,62.03
104,102,Torino,Italy Serie A,1.64,0.95,61.86
105,107,Guangzhou Evergrande,Chinese Super League,1.87,1.15,61.79
106,109,Sampdoria,Italy Serie A,1.58,0.9,61.72
107,96,Sporting CP,Portuguese Liga,1.65,0.97,61.66
108,111,Malmo FF,Swedish Allsvenskan,1.58,0.91,61.61
109,115,Stade Rennes,French Ligue 1,1.56,0.9,61.44
110,114,Sassuolo,Italy Serie A,1.77,1.09,61.12
111,103,Mallorca,Spanish Primera Division,1.75,1.1,60.58
112,104,Ludogorets,UEFA Europa League,1.69,1.05,60.46
113,93,Mainz,German Bundesliga,1.9,1.26,59.96
114,118,Cagliari,Italy Serie A,1.75,1.13,59.83
115,125,Norwich City,Barclays Premier League,1.72,1.11,59.79
116,123,Club América,Mexican Primera Division Torneo Apertura,1.69,1.08,59.59
117,119,Boca Juniors,Argentina Primera Division,1.47,0.89,59.47
118,122,West Bromwich Albion,English League Championship,1.72,1.12,59.35
119,116,Bordeaux,French Ligue 1,1.47,0.9,59.28
120,121,St Etienne,French Ligue 1,1.49,0.92,59.25
121,132,Parma,Italy Serie A,1.64,1.06,59.12
122,120,FC Copenhagen,Danish SAS-Ligaen,1.7,1.12,59.07
123,128,KAA Gent,Belgian Jupiler League,1.71,1.14,58.7
124,131,Rapid Vienna,Austrian T-Mobile Bundesliga,1.81,1.24,58.64
125,86,Fortuna Düsseldorf,German Bundesliga,1.76,1.19,58.58
126,126,Shanghai SIPG,Chinese Super League,1.69,1.13,58.37
127,127,Beijing Guoan,Chinese Super League,1.76,1.21,58.34
128,110,Galatasaray,Turkish Turkcell Super Lig,1.62,1.08,58.19
129,136,Apoel Nicosia,UEFA Europa League,1.63,1.09,58.12
130,130,Trabzonspor,Turkish Turkcell Super Lig,1.71,1.16,58.06
131,139,Internacional,Brasileiro Série A,1.49,0.97,58.03
132,129,Lokomotiv Moscow,Russian Premier Liga,1.64,1.11,57.92
133,108,Fulham,English League Championship,1.65,1.12,57.84
134,124,Besiktas,Turkish Turkcell Super Lig,1.8,1.27,57.74
135,133,Fenerbahce,Turkish Turkcell Super Lig,1.76,1.23,57.69
136,134,Los Angeles FC,Major League Soccer,1.98,1.43,57.68
137,135,Istanbul Basaksehir,Turkish Turkcell Super Lig,1.51,1.01,57.6
138,145,Guimaraes,Portuguese Liga,1.52,1.02,57.53
139,141,Monterrey,Mexican Primera Division Torneo Apertura,1.62,1.12,57.15
140,138,Hammarby,Swedish Allsvenskan,2.13,1.6,57.14
141,137,São Paulo,Brasileiro Série A,1.32,0.85,57.09
142,142,Verona,Italy Serie A,1.51,1.03,57.0
143,144,Genoa,Italy Serie A,1.67,1.18,56.97
144,140,Nice,French Ligue 1,1.54,1.06,56.83
145,143,Red Star Belgrade,UEFA Champions League,1.92,1.43,56.48
146,149,SC Paderborn,German Bundesliga,1.65,1.19,56.26
147,168,Rostov,Russian Premier Liga,1.54,1.09,56.16
148,147,Santos Laguna,Mexican Primera Division Torneo Apertura,1.7,1.25,55.95
149,148,Tigres UANL,Mexican Primera Division Torneo Apertura,1.44,1.02,55.77
150,150,Standard Liege,Belgian Jupiler League,1.66,1.24,55.54
151,155,Dijon FCO,French Ligue 1,1.39,0.98,55.49
152,151,FC Arsenal Tula,Russian Premier Liga,1.4,0.99,55.46
153,153,Molde,Norwegian Tippeligaen,1.93,1.5,55.26
154,183,Sheffield Wednesday,English League Championship,1.48,1.08,55.0
155,166,Feyenoord,Dutch Eredivisie,1.75,1.36,54.59
156,154,Spal,Italy Serie A,1.45,1.07,54.58
157,158,Cruz Azul,Mexican Primera Division Torneo Apertura,1.46,1.09,54.51
158,164,Genk,Belgian Jupiler League,1.74,1.36,54.39
159,174,Brescia,Italy Serie A,1.54,1.16,54.37
160,165,Brest,French Ligue 1,1.49,1.12,54.33
161,172,Ferencvaros,UEFA Europa League,1.59,1.22,54.14
162,152,St Gallen,Swiss Raiffeisen Super League,1.87,1.49,54.1
163,160,Udinese,Italy Serie A,1.47,1.11,54.08
164,156,Wolfsberger AC,Austrian T-Mobile Bundesliga,1.67,1.31,53.83
165,195,AEK Athens,Greek Super League,1.48,1.13,53.77
166,162,Yokohama F. Marinos,Japanese J League,1.76,1.42,53.62
167,159,Atletico Mineiro,Brasileiro Série A,1.42,1.08,53.53
168,181,Sivasspor,Turkish Turkcell Super Lig,1.67,1.34,53.29
169,167,Pachuca,Mexican Primera Division Torneo Apertura,1.63,1.31,53.21
170,146,Spartak Moscow,Russian Premier Liga,1.29,0.98,53.0
171,176,Fluminense,Brasileiro Série A,1.35,1.04,52.91
172,163,Corinthians,Brasileiro Série A,1.26,0.96,52.88
173,179,FK Partizan Belgrade,UEFA Europa League,1.51,1.21,52.7
174,173,Antwerp,Belgian Jupiler League,1.58,1.29,52.39
175,169,Brondby,Danish SAS-Ligaen,1.77,1.48,52.35
176,170,FK Qarabag,UEFA Europa League,1.44,1.16,52.29
177,175,Djurgardens IF,Swedish Allsvenskan,1.36,1.08,52.22
178,177,IFK Norrkoping,Swedish Allsvenskan,1.54,1.26,52.21
179,157,Lecce,Italy Serie A,1.66,1.38,52.11
180,192,Hull City,English League Championship,1.51,1.24,52.05
181,161,Amiens,French Ligue 1,1.37,1.1,51.97
182,178,Rio Ave,Portuguese Liga,1.41,1.15,51.91
183,191,Vasco da Gama,Brasileiro Série A,1.34,1.08,51.83
184,171,Metz,French Ligue 1,1.34,1.09,51.72
185,188,Cardiff City,English League Championship,1.54,1.3,51.5
186,202,Vitesse,Dutch Eredivisie,1.74,1.5,51.31
187,184,Jiangsu Suning FC,Chinese Super League,1.5,1.26,51.28
188,189,Kawasaki Frontale,Japanese J League,1.48,1.25,51.15
189,182,Cruzeiro,Brasileiro Série A,1.18,0.96,50.89
190,196,VfB Stuttgart,German 2. Bundesliga,1.6,1.38,50.7
191,185,FC Astana,UEFA Europa League,1.54,1.33,50.65
192,180,Toulouse,French Ligue 1,1.51,1.3,50.63
193,199,Velez Sarsfield,Argentina Primera Division,1.19,0.97,50.63
194,187,Bahía,Brasileiro Série A,1.28,1.07,50.48
195,186,Racing Club,Argentina Primera Division,1.29,1.08,50.39
196,193,Nimes,French Ligue 1,1.39,1.19,50.3
197,194,Stoke City,English League Championship,1.28,1.09,50.27
198,198,Preston North End,English League Championship,1.39,1.19,50.24
199,208,FC Utrecht,Dutch Eredivisie,1.61,1.42,50.12
200,197,León,Mexican Primera Division Torneo Apertura,1.53,1.34,50.12
201,200,Shandong Luneng,Chinese Super League,1.6,1.43,49.81
202,206,Ceará,Brasileiro Série A,1.25,1.07,49.77
203,201,Bristol City,English League Championship,1.46,1.3,49.64
204,221,CFR 1907 Cluj,UEFA Europa League,1.48,1.32,49.57
205,205,Dinamo Moscow,Russian Premier Liga,1.13,0.97,49.16
206,214,Millwall,English League Championship,1.31,1.16,49.15
207,220,Sporting de Charleroi,Belgian Jupiler League,1.36,1.21,49.01
208,209,Hamburg SV,German 2. Bundesliga,1.45,1.32,48.73
209,211,AIK,Swedish Allsvenskan,1.29,1.16,48.48
210,204,Swansea City,English League Championship,1.41,1.29,48.32
211,218,Defensa y Justicia,Argentina Primera Division,1.18,1.06,48.25
212,224,Huddersfield Town,English League Championship,1.27,1.16,48.02
213,215,Atlanta United FC,Major League Soccer,1.47,1.38,47.92
214,190,Nottingham Forest,English League Championship,1.27,1.17,47.88
215,212,Anderlecht,Belgian Jupiler League,1.31,1.21,47.82
216,203,SK Sturm Graz,Austrian T-Mobile Bundesliga,1.37,1.29,47.72
217,225,Fortaleza,Brasileiro Série A,1.31,1.22,47.7
218,217,Lorient,French Ligue 2,1.36,1.28,47.63
219,219,Kashima Antlers,Japanese J League,1.27,1.19,47.56
220,229,Queens Park Rangers,English League Championship,1.43,1.36,47.47
221,237,FC Ufa,Russian Premier Liga,1.0,0.9,47.42
222,232,Blackburn,English League Championship,1.33,1.25,47.38
223,213,Alanyaspor,Turkish Turkcell Super Lig,1.28,1.22,47.07
224,210,Yeni Malatyaspor,Turkish Turkcell Super Lig,1.54,1.49,47.02
225,223,Necaxa,Mexican Primera Division Torneo Apertura,1.4,1.35,46.94
226,226,Querétaro,Mexican Primera Division Torneo Apertura,1.36,1.31,46.87
227,252,SV Zulte Waregem,Belgian Jupiler League,1.48,1.44,46.8
228,222,Birmingham,English League Championship,1.31,1.26,46.78
229,228,Pumas Unam,Mexican Primera Division Torneo Apertura,1.29,1.25,46.67
230,231,New York City FC,Major League Soccer,1.49,1.46,46.62
231,207,Gazovik Orenburg,Russian Premier Liga,1.34,1.3,46.62
232,233,Heracles,Dutch Eredivisie,1.62,1.6,46.53
233,241,Lanus,Argentina Primera Division,1.26,1.21,46.51
234,248,Newell's Old Boys,Argentina Primera Division,1.24,1.2,46.36
235,234,Heerenveen,Dutch Eredivisie,1.59,1.58,46.36
236,216,Girona FC,Spanish Segunda Division,1.36,1.33,46.28
237,236,Banfield,Argentina Primera Division,1.12,1.09,46.08
238,235,Derby County,English League Championship,1.28,1.26,46.03
239,227,AGF Aarhus,Danish SAS-Ligaen,1.38,1.37,45.98
240,230,Boavista,Portuguese Liga,1.08,1.06,45.84
241,253,Mouscron-Peruwelz,Belgian Jupiler League,1.31,1.3,45.82
242,242,Philadelphia Union,Major League Soccer,1.5,1.51,45.79
243,268,FC Tambov,Russian Premier Liga,1.27,1.26,45.72
244,249,PFC Oleksandriya,UEFA Europa League,1.33,1.33,45.69
245,254,FC Nordsjaelland,Danish SAS-Ligaen,1.49,1.5,45.62
246,302,Servette,Swiss Raiffeisen Super League,1.36,1.37,45.5
247,240,Talleres de Córdoba,Argentina Primera Division,1.14,1.13,45.48
248,239,CA Independiente,Argentina Primera Division,1.17,1.17,45.37
249,247,Toronto FC,Major League Soccer,1.49,1.52,45.31
250,243,Morelia,Mexican Primera Division Torneo Apertura,1.39,1.42,45.3
251,238,Reading,English League Championship,1.22,1.23,45.28
252,259,Ural Sverdlovsk Oblast,Russian Premier Liga,1.28,1.3,45.06
253,251,Santa Clara,Portuguese Liga,1.25,1.28,44.97
254,263,Willem II,Dutch Eredivisie,1.59,1.65,44.93
255,260,Lens,French Ligue 2,1.18,1.2,44.85
256,250,Gil Vicente,Portuguese Liga,1.17,1.19,44.84
257,267,Middlesbrough,English League Championship,1.19,1.22,44.8
258,258,Portimonense,Portuguese Liga,1.24,1.27,44.74
259,244,Aris Salonika,Greek Super League,1.37,1.41,44.71
260,262,FK Austria Vienna,Austrian T-Mobile Bundesliga,1.51,1.57,44.68
261,246,Slovan Bratislava,UEFA Europa League,1.26,1.3,44.65
262,245,FC Groningen,Dutch Eredivisie,1.11,1.14,44.38
263,256,Guadalajara,Mexican Primera Division Torneo Apertura,1.25,1.31,44.3
264,261,Los Angeles Galaxy,Major League Soccer,1.81,1.94,43.78
265,275,Arsenal Sarandi,Argentina Primera Division,1.29,1.37,43.77
266,270,Rosenborg,Norwegian Tippeligaen,1.49,1.59,43.72
267,257,Famalicao,Portuguese Liga,1.36,1.46,43.62
268,265,Chicago Fire,Major League Soccer,1.45,1.56,43.52
269,294,Rayo Vallecano,Spanish Segunda Division,1.27,1.37,43.39
270,277,Almeria,Spanish Segunda Division,1.17,1.26,43.38
271,284,Goiás,Brasileiro Série A,1.33,1.44,43.18
272,272,Seattle Sounders FC,Major League Soccer,1.39,1.51,43.13
273,255,Terek Grozny,Russian Premier Liga,0.98,1.06,42.99
274,266,FC Lugano,Swiss Raiffeisen Super League,1.13,1.23,42.94
275,283,Rosario Central,Argentina Primera Division,1.11,1.21,42.93
276,295,Estudiantes,Argentina Primera Division,1.03,1.12,42.64
277,273,Odense BK,Danish SAS-Ligaen,1.24,1.37,42.6
278,274,Sochi,Russian Premier Liga,1.18,1.31,42.53
279,271,Cadiz,Spanish Segunda Division,1.05,1.16,42.47
280,278,Cerezo Osaka,Japanese J League,0.96,1.06,42.37
281,276,Atlético Tucumán,Argentina Primera Division,1.1,1.23,42.35
282,269,Argentinos Juniors,Argentina Primera Division,1.0,1.1,42.34
283,280,Guingamp,French Ligue 2,1.34,1.5,42.24
284,288,Union Santa Fe,Argentina Primera Division,1.07,1.2,42.23
285,303,Vitoria Setubal,Portuguese Liga,1.01,1.12,42.17
286,282,Atromitos,Greek Super League,1.21,1.37,42.02
287,287,New York Red Bulls,Major League Soccer,1.41,1.59,41.98
288,281,Goztepe,Turkish Turkcell Super Lig,1.16,1.31,41.96
289,293,Rubin Kazan,Russian Premier Liga,0.88,0.98,41.96
290,264,AaB,Danish SAS-Ligaen,1.24,1.4,41.87
291,292,BK Hacken,Swedish Allsvenskan,1.15,1.31,41.67
292,296,Tianjin Teda,Chinese Super League,1.28,1.47,41.44
293,297,Portland Timbers,Major League Soccer,1.44,1.66,41.32
294,299,Tondela,Portuguese Liga,1.18,1.36,41.31
295,298,Arminia Bielefeld,German 2. Bundesliga,1.22,1.41,41.27
296,279,Krylia Sovetov,Russian Premier Liga,1.09,1.26,41.21
297,310,OFI Crete,Greek Super League,1.22,1.42,41.18
298,291,Moreirense,Portuguese Liga,1.17,1.35,41.13
299,300,FC Dallas,Major League Soccer,1.37,1.6,40.98
300,285,Randers FC,Danish SAS-Ligaen,1.31,1.53,40.96
301,308,San Lorenzo,Argentina Primera Division,1.16,1.35,40.92
302,290,Pacos Ferreira,Portuguese Liga,1.12,1.32,40.66
303,304,Sanfrecce Hiroshima,Japanese J League,1.03,1.22,40.64
304,305,Wigan,English League Championship,1.15,1.36,40.57
305,289,Sydney FC,Australian A-League,1.36,1.61,40.54
306,307,Tijuana,Mexican Primera Division Torneo Apertura,1.27,1.5,40.44
307,312,Arizona United,United Soccer League,1.43,1.71,40.24
308,341,Kasimpasa,Turkish Turkcell Super Lig,1.41,1.68,40.2
309,313,San Jose Earthquakes,Major League Soccer,1.4,1.68,40.13
310,362,Cashpoint SC Rheindorf Altach,Austrian T-Mobile Bundesliga,1.38,1.65,40.07
311,322,Gimnasia La Plata,Argentina Primera Division,1.05,1.26,40.06
312,286,FC Zurich,Swiss Raiffeisen Super League,1.28,1.54,39.97
313,343,Barnsley,English League Championship,1.3,1.57,39.97
314,301,Chapecoense AF,Brasileiro Série A,1.05,1.27,39.91
315,306,Central Córdoba Santiago del Estero,Argentina Primera Division,1.1,1.34,39.83
316,316,Gamba Osaka,Japanese J League,1.33,1.62,39.58
317,317,Bodo/Glimt,Norwegian Tippeligaen,1.49,1.81,39.56
318,318,Vissel Kobe,Japanese J League,1.6,1.94,39.43
319,319,Puebla,Mexican Primera Division Torneo Apertura,1.17,1.44,39.42
320,314,Botafogo,Brasileiro Série A,1.03,1.27,39.41
321,321,FC Tokyo,Japanese J League,0.98,1.21,39.39
322,342,Hannover 96,German 2. Bundesliga,1.23,1.52,39.19
323,329,Belenenses,Portuguese Liga,1.08,1.34,39.17
324,338,Panathinaikos,Greek Super League,1.01,1.26,39.16
325,324,Sparta,Dutch Eredivisie,1.27,1.58,38.96
326,325,ADO Den Haag,Dutch Eredivisie,1.36,1.69,38.71
327,352,Kaizer Chiefs,South African ABSA Premier League,1.11,1.4,38.7
328,328,Shanghai Greenland,Chinese Super League,1.34,1.68,38.68
329,323,Desportivo Aves,Portuguese Liga,1.11,1.4,38.65
330,331,Henan Jianye,Chinese Super League,1.25,1.57,38.55
331,332,Minnesota United FC,Major League Soccer,1.25,1.58,38.54
332,353,Hartberg,Austrian T-Mobile Bundesliga,1.52,1.9,38.41
333,366,Real Zaragoza,Spanish Segunda Division,1.13,1.45,38.31
334,336,Perth Glory,Australian A-League,1.23,1.56,38.29
335,350,Maritimo,Portuguese Liga,1.06,1.36,38.26
336,330,KV Mechelen,Belgian Jupiler League,1.22,1.55,38.26
337,335,Hebei China Fortune FC,Chinese Super League,1.29,1.65,38.14
338,327,KV Kortrijk,Belgian Jupiler League,1.25,1.6,38.09
339,311,St. Truidense,Belgian Jupiler League,1.23,1.58,37.91
340,365,Genclerbirligi,Turkish Turkcell Super Lig,1.29,1.67,37.65
341,339,Wuhan Zall,Chinese Super League,1.17,1.53,37.62
342,340,New England Revolution,Major League Soccer,1.36,1.76,37.58
343,326,FC Sion,Swiss Raiffeisen Super League,1.34,1.73,37.55
344,333,Huracán,Argentina Primera Division,0.89,1.18,37.53
345,344,Toluca,Mexican Primera Division Torneo Apertura,1.09,1.43,37.46
346,345,Troyes,French Ligue 2,0.95,1.26,37.45
347,347,Sporting Kansas City,Major League Soccer,1.37,1.78,37.38
348,348,Columbus Crew,Major League Soccer,1.12,1.47,37.36
349,349,Atlas,Mexican Primera Division Torneo Apertura,1.07,1.42,37.32
350,315,Aberdeen,Scottish Premiership,1.15,1.52,37.3
351,351,FC Luzern,Swiss Raiffeisen Super League,1.2,1.58,37.12
352,354,Real Salt Lake,Major League Soccer,1.01,1.36,36.98
353,346,Konyaspor,Turkish Turkcell Super Lig,0.98,1.32,36.97
354,356,Colorado Rapids,Major League Soccer,1.36,1.79,36.83
355,309,SD Huesca,Spanish Segunda Division,0.97,1.32,36.82
356,357,Málaga,Spanish Segunda Division,0.85,1.17,36.75
357,359,Dalian Aerbin,Chinese Super League,1.29,1.73,36.66
358,361,Holstein Kiel,German 2. Bundesliga,1.3,1.73,36.57
359,334,FC Twente,Dutch Eredivisie,1.29,1.74,36.26
360,383,Benevento,Italy Serie B,0.98,1.36,36.26
361,355,Le Havre,French Ligue 2,1.09,1.5,36.21
362,320,Caykur Rizespor,Turkish Turkcell Super Lig,1.15,1.58,36.19
363,337,Charlton Athletic,English League Championship,1.13,1.55,36.06
364,364,IFK Goteborg,Swedish Allsvenskan,1.1,1.52,36.01
365,360,Patronato,Argentina Primera Division,1.03,1.44,35.85
366,367,CSA,Brasileiro Série A,1.03,1.44,35.79
367,375,SV Sandhausen,German 2. Bundesliga,1.14,1.59,35.73
368,363,1. FC Nürnberg,German 2. Bundesliga,1.15,1.61,35.64
369,372,Mamelodi Sundowns,South African ABSA Premier League,1.0,1.42,35.49
370,371,Gazisehir Gaziantep,Turkish Turkcell Super Lig,1.13,1.58,35.48
371,370,Luton Town,English League Championship,1.18,1.65,35.48
372,368,Viking FK,Norwegian Tippeligaen,1.31,1.81,35.41
373,381,F91 Dudelange,UEFA Europa League,1.4,1.94,35.14
374,393,Frosinone,Italy Serie B,1.01,1.45,35.14
375,382,Denizlispor,Turkish Turkcell Super Lig,0.98,1.41,35.11
376,379,Elche,Spanish Segunda Division,1.03,1.48,35.06
377,374,DC United,Major League Soccer,1.14,1.62,35.05
378,377,Houston Dynamo,Major League Soccer,1.23,1.74,34.92
379,380,Chongqing Lifan,Chinese Super League,1.08,1.56,34.78
380,373,1. FC Heidenheim 1846,German 2. Bundesliga,1.05,1.52,34.75
381,385,Larissa,Greek Super League,0.92,1.36,34.68
382,378,Jahn Regensburg,German 2. Bundesliga,1.25,1.79,34.66
383,369,PEC Zwolle,Dutch Eredivisie,1.3,1.85,34.63
384,376,Asteras Tripolis,Greek Super League,0.86,1.29,34.44
385,358,Oxford United,English League One,1.13,1.64,34.35
386,406,Las Palmas,Spanish Segunda Division,1.01,1.49,34.33
387,386,Fuenlabrada,Spanish Segunda Division,0.99,1.47,34.11
388,387,Real Monarchs SLC,United Soccer League,1.46,2.08,34.09
389,388,Melbourne City,Australian A-League,1.18,1.73,34.02
390,391,Motherwell,Scottish Premiership,1.15,1.69,33.92
391,389,Haugesund,Norwegian Tippeligaen,1.1,1.63,33.89
392,392,Guangzhou RF,Chinese Super League,1.44,2.07,33.73
393,384,Caen,French Ligue 2,1.03,1.55,33.7
394,394,Atlético San Luis,Mexican Primera Division Torneo Apertura,1.0,1.51,33.68
395,395,Orlando City SC,Major League Soccer,1.22,1.79,33.65
396,396,FC Juárez,Mexican Primera Division Torneo Apertura,0.98,1.5,33.51
397,397,Tianjin Quanujian,Chinese Super League,1.16,1.73,33.51
398,401,Sporting Gijón,Spanish Segunda Division,0.81,1.27,33.49
399,398,Consadole Sapporo,Japanese J League,1.15,1.72,33.38
400,390,Crotone,Italy Serie B,1.0,1.53,33.36
401,428,Hibernian,Scottish Premiership,1.16,1.73,33.34
402,405,Bidvest Wits,South African ABSA Premier League,0.97,1.49,33.27
403,407,Aldosivi,Argentina Primera Division,0.87,1.37,32.87
404,408,Shenzhen FC,Chinese Super League,1.19,1.81,32.64
405,409,Colon Santa Fe,Argentina Primera Division,0.93,1.48,32.54
406,413,Avaí,Brasileiro Série A,0.87,1.4,32.37
407,412,Real Oviedo,Spanish Segunda Division,1.02,1.6,32.34
408,414,Neuchatel Xamax,Swiss Raiffeisen Super League,1.11,1.74,32.25
409,418,VfL Osnabruck,German 2. Bundesliga,1.02,1.61,32.15
410,410,Lamia,Greek Super League,0.83,1.37,31.99
411,416,Pittsburgh Riverhounds,United Soccer League,0.97,1.56,31.99
412,424,SD Ponferradina,Spanish Segunda Division,0.93,1.5,31.98
413,417,Nashville SC,United Soccer League,0.94,1.52,31.95
414,425,Numancia,Spanish Segunda Division,0.8,1.34,31.86
415,419,Montreal Impact,Major League Soccer,1.11,1.76,31.83
416,456,SpVgg Greuther Fürth,German 2. Bundesliga,1.02,1.63,31.82
417,415,Orlando Pirates,South African ABSA Premier League,1.02,1.64,31.73
418,420,Louisville City FC,United Soccer League,1.17,1.84,31.7
419,430,Clermont Foot,French Ligue 2,0.88,1.45,31.64
420,404,Emmen,Dutch Eredivisie,1.14,1.8,31.63
421,400,VfL Bochum,German 2. Bundesliga,1.15,1.82,31.56
422,402,Ipswich Town,English League One,0.95,1.56,31.41
423,403,Sunderland,English League One,0.98,1.61,31.23
424,434,AS Nancy Lorraine,French Ligue 2,0.83,1.42,31.0
425,429,Peterborough United,English League One,1.17,1.89,30.99
426,422,Esbjerg,Danish SAS-Ligaen,0.98,1.63,30.98
427,423,KV Oostende,Belgian Jupiler League,1.04,1.71,30.95
428,432,FC St. Pauli,German 2. Bundesliga,0.98,1.63,30.93
429,435,Eupen,Belgian Jupiler League,0.92,1.56,30.72
430,427,AC Ajaccio,French Ligue 2,0.73,1.29,30.67
431,433,Stabaek,Norwegian Tippeligaen,0.95,1.61,30.54
432,431,Antalyaspor,Turkish Turkcell Super Lig,0.99,1.67,30.53
433,426,FC Trenkwalder Admira,Austrian T-Mobile Bundesliga,1.12,1.85,30.5
434,436,Lobos de la BUAP,Mexican Primera Division Torneo Clausura,0.98,1.67,30.3
435,438,Kristiansund BK,Norwegian Tippeligaen,1.08,1.81,30.19
436,440,IF Elfsborg,Swedish Allsvenskan,1.07,1.8,30.15
437,439,SV Darmstadt 98,German 2. Bundesliga,0.92,1.59,30.13
438,441,Hobro IK,Danish SAS-Ligaen,0.89,1.55,30.12
439,421,Karlsruher SC,German 2. Bundesliga,1.13,1.89,30.08
440,450,Sonderjyske,Danish SAS-Ligaen,1.05,1.77,30.02
441,411,Chievo Verona,Italy Serie B,0.95,1.64,29.97
442,458,Lyngby,Danish SAS-Ligaen,1.03,1.77,29.79
443,445,Albacete,Spanish Segunda Division,0.72,1.33,29.68
444,459,Kayserispor,Turkish Turkcell Super Lig,1.03,1.77,29.67
445,465,Mirandes,Spanish Segunda Division,0.95,1.66,29.62
446,399,Kilmarnock,Scottish Premiership,0.8,1.45,29.6
447,447,Vegalta Sendai,Japanese J League,0.88,1.57,29.56
448,466,Newcastle Jets,Australian A-League,1.12,1.91,29.43
449,443,Tenerife,Spanish Segunda Division,0.83,1.5,29.37
450,444,Adelaide United,Australian A-League,1.1,1.88,29.35
451,449,Empoli,Italy Serie B,1.0,1.76,29.22
452,455,Odd BK,Norwegian Tippeligaen,1.04,1.81,29.21
453,448,Western United,Australian A-League,0.98,1.73,29.09
454,442,Racing Santander,Spanish Segunda Division,0.87,1.59,28.99
455,452,Godoy Cruz,Argentina Primera Division,0.94,1.7,28.81
456,446,SV Mattersburg,Austrian T-Mobile Bundesliga,1.12,1.95,28.77
457,437,RKC,Dutch Eredivisie,1.15,1.99,28.75
458,463,Tampa Bay Rowdies,United Soccer League,1.0,1.79,28.71
459,460,Sochaux,French Ligue 2,0.73,1.4,28.69
460,462,Auxerre,French Ligue 2,0.79,1.49,28.55
461,451,Thun,Swiss Raiffeisen Super League,1.11,1.95,28.44
462,468,Urawa Red Diamonds,Japanese J League,0.96,1.74,28.44
463,473,Grenoble,French Ligue 2,0.75,1.46,28.17
464,474,Cittadella,Italy Serie B,0.84,1.59,28.16
465,483,Wellington Phoenix,Australian A-League,1.14,2.01,28.15
466,479,Ankaragucu,Turkish Turkcell Super Lig,0.96,1.77,28.06
467,469,Nagoya Grampus Eight,Japanese J League,1.01,1.84,28.06
468,464,Melbourne Victory,Australian A-League,1.07,1.92,28.03
469,457,FC Xanthi,Greek Super League,0.68,1.37,27.96
470,470,Volos NFC,Greek Super League,0.9,1.69,27.93
471,472,Reno 1868 FC,United Soccer League,1.14,2.04,27.93
472,478,Valenciennes,French Ligue 2,0.74,1.46,27.88
473,461,Fortuna Sittard,Dutch Eredivisie,1.24,2.18,27.78
474,482,VVV Venlo,Dutch Eredivisie,1.14,2.04,27.7
475,484,AD Alcorcon,Spanish Segunda Division,0.7,1.44,27.21
476,491,Silkeborg,Danish SAS-Ligaen,1.12,2.05,27.17
477,475,Dynamo Dresden,German 2. Bundesliga,0.9,1.74,27.14
478,481,Lugo,Spanish Segunda Division,0.79,1.58,27.0
479,453,Portsmouth,English League One,0.96,1.83,26.97
480,454,Rotherham United,English League One,0.91,1.77,26.88
481,485,Stromsgodset,Norwegian Tippeligaen,1.11,2.06,26.86
482,486,Guizhou Renhe,Chinese Super League,0.94,1.82,26.81
483,480,Waasland-Beveren,Belgian Jupiler League,0.98,1.88,26.71
484,476,Erzgebirge Aue,German 2. Bundesliga,0.92,1.8,26.64
485,515,Livingston,Scottish Premiership,0.94,1.83,26.58
486,488,Valerenga,Norwegian Tippeligaen,0.92,1.81,26.34
487,489,Extremadura UD,Spanish Segunda Division,0.7,1.49,26.32
488,492,Shimizu S-Pulse,Japanese J League,1.07,2.03,26.23
489,494,SuperSport United,South African ABSA Premier League,0.72,1.53,26.16
490,467,Deportivo La Coruña,Spanish Segunda Division,0.74,1.57,26.09
491,471,St. Pölten,Austrian T-Mobile Bundesliga,0.96,1.89,26.06
492,498,Perugia,Italy Serie B,0.87,1.77,25.83
493,497,WSG Swarovski Wattens,Austrian T-Mobile Bundesliga,1.06,2.06,25.82
494,493,Spezia,Italy Serie B,0.77,1.63,25.7
495,477,Panionios,Greek Super League,0.8,1.69,25.54
496,518,Blackpool,English League One,0.83,1.75,25.32
497,510,Rodez,French Ligue 2,0.82,1.74,25.27
498,514,Wycombe Wanderers,English League One,0.72,1.59,25.14
499,490,Cercle Brugge,Belgian Jupiler League,0.99,2.0,25.13
500,487,Black Aces,South African ABSA Premier League,0.86,1.81,25.07
501,500,Oita Trinita,Japanese J League,0.65,1.48,25.06
502,502,New York Red Bulls II,United Soccer League,1.2,2.31,25.01
503,505,Veracruz,Mexican Primera Division Torneo Apertura,0.87,1.83,24.89
504,503,SV Wehen Wiesbaden,German 2. Bundesliga,0.89,1.87,24.77
505,504,Chateauroux,French Ligue 2,0.65,1.5,24.68
506,508,SK Brann,Norwegian Tippeligaen,0.74,1.65,24.63
507,519,Bloem Celtic,South African ABSA Premier League,0.8,1.75,24.43
508,511,GIF Sundsvall,Swedish Allsvenskan,0.88,1.88,24.39
509,507,Western Sydney FC,Australian A-League,0.96,2.01,24.37
510,495,Doncaster Rovers,English League One,0.85,1.84,24.37
511,512,Vancouver Whitecaps,Major League Soccer,0.93,1.98,24.08
512,513,Sagan Tosu,Japanese J League,0.74,1.69,24.05
513,509,Paris FC,French Ligue 2,0.57,1.43,23.92
514,528,Virtus Entella,Italy Serie B,0.73,1.68,23.88
515,517,AC Horsens,Danish SAS-Ligaen,0.76,1.73,23.77
516,501,Fleetwood Town,English League One,0.86,1.89,23.61
517,499,US Pescara,Italy Serie B,0.81,1.84,23.28
518,520,North Carolina FC,United Soccer League,0.96,2.08,23.23
519,521,Orebro SK,Swedish Allsvenskan,0.95,2.07,23.22
520,522,Pordenone Calcio,Italy Serie B,0.77,1.79,23.2
521,523,Orange County SC,United Soccer League,0.9,2.0,23.11
522,506,Hearts,Scottish Premiership,0.76,1.79,23.03
523,527,Cremonese,Italy Serie B,0.62,1.57,22.96
524,524,Sarpsborg,Norwegian Tippeligaen,0.72,1.73,22.96
525,525,Indy Eleven,United Soccer League,0.64,1.61,22.77
526,531,Brisbane Roar,Australian A-League,0.97,2.13,22.75
527,526,Cosenza,Italy Serie B,0.7,1.71,22.74
528,532,Le Mans,French Ligue 2,0.84,1.93,22.68
529,516,Panetolikos,Greek Super League,0.72,1.75,22.65
530,496,Burton Albion,English League One,0.73,1.78,22.37
531,530,Shonan Bellmare,Japanese J League,0.86,1.99,22.29
532,540,Ross County,Scottish Premiership,0.86,2.0,22.09
533,550,Bristol Rovers,English League One,0.81,1.92,22.07
534,535,IK Sirius,Swedish Allsvenskan,0.84,1.98,22.06
535,536,Tromso,Norwegian Tippeligaen,1.0,2.23,22.0
536,545,F.B.C Unione Venezia,Italy Serie B,0.66,1.71,21.75
537,534,Orléans,French Ligue 2,0.77,1.88,21.75
538,529,Ascoli,Italy Serie B,0.72,1.82,21.69
539,538,FC Cincinnati,Major League Soccer,0.85,2.03,21.63
540,539,San Antonio FC,United Soccer League,1.07,2.38,21.61
541,533,Coventry City,English League One,0.7,1.79,21.57
542,537,Niort,French Ligue 2,0.61,1.65,21.37
543,547,Chambly Thelle FC,French Ligue 2,0.69,1.8,21.24
544,544,Salernitana,Italy Serie B,0.7,1.81,21.17
545,542,Mjondalen,Norwegian Tippeligaen,0.84,2.05,21.08
546,543,Östersunds FK,Swedish Allsvenskan,0.8,2.0,20.9
547,546,Highlands Park FC,South African ABSA Premier League,0.56,1.61,20.49
548,548,Jubilo Iwata,Japanese J League,0.61,1.73,20.35
549,549,Sacramento Republic FC,United Soccer League,0.75,1.96,20.27
550,541,Livorno,Italy Serie B,0.66,1.81,20.24
551,551,LA Galaxy II,United Soccer League,0.97,2.34,20.0
552,570,Accrington Stanley,English League One,0.73,1.95,19.87
553,568,Swindon Town,English League Two,0.72,1.94,19.84
554,552,Austin Bold FC,United Soccer League,0.78,2.05,19.79
555,553,Ranheim,Norwegian Tippeligaen,0.87,2.19,19.77
556,554,Fresno FC,United Soccer League,0.86,2.18,19.74
557,555,El Paso Locomotive FC,United Soccer League,0.6,1.76,19.57
558,565,Lincoln City,English League One,0.61,1.77,19.53
559,556,Helsingborgs IF,Swedish Allsvenskan,0.67,1.9,19.47
560,557,Lillestrom,Norwegian Tippeligaen,0.71,1.96,19.42
561,566,St Mirren,Scottish Premiership,0.67,1.92,18.91
562,562,Gillingham,English League One,0.58,1.79,18.67
563,558,Bradford City,English League Two,0.62,1.87,18.6
564,563,Maritzburg Utd,South African ABSA Premier League,0.4,1.48,18.46
565,560,Pisa,Italy Serie B,0.65,1.95,18.25
566,574,Scunthorpe,English League Two,0.7,2.06,18.01
567,571,St Johnstone,Scottish Premiership,0.62,1.91,17.95
568,572,Juve Stabia,Italy Serie B,0.62,1.92,17.91
569,561,Golden Arrows,South African ABSA Premier League,0.5,1.71,17.79
570,564,New Mexico United,United Soccer League,0.82,2.29,17.79
571,559,Hamilton Academical,Scottish Premiership,0.66,2.01,17.67
572,569,Matsumoto Yamaga FC,Japanese J League,0.39,1.53,17.45
573,576,Milton Keynes Dons,English League One,0.61,1.94,17.43
574,575,Shrewsbury Town,English League One,0.5,1.74,17.41
575,573,Charleston Battery,United Soccer League,0.59,1.94,16.89
576,582,Cheltenham Town,English League Two,0.6,1.97,16.86
577,567,Polokwane City FC,South African ABSA Premier League,0.53,1.86,16.64
578,577,Trapani,Italy Serie B,0.59,1.99,16.54
579,581,Chippa United,South African ABSA Premier League,0.36,1.54,16.36
580,578,Portland Timbers 2,United Soccer League,0.99,2.7,16.3
581,579,Loudoun United FC,United Soccer League,0.95,2.65,16.21
582,580,Ottawa Fury FC,United Soccer League,0.59,2.01,16.19
583,585,Central Coast Mariners,Australian A-League,0.7,2.27,15.69
584,583,Northampton Town,English League Two,0.62,2.12,15.66
585,584,Plymouth Argyle,English League Two,0.56,2.02,15.38
586,590,AFC Wimbledon,English League One,0.55,2.0,15.37
587,596,Exeter City,English League Two,0.5,1.94,15.12
588,586,AmaZulu,South African ABSA Premier League,0.36,1.69,14.7
589,591,Charlotte Independence,United Soccer League,0.6,2.19,14.44
590,599,Baroka FC,South African ABSA Premier League,0.33,1.64,14.39
591,592,Kalmar FF,Swedish Allsvenskan,0.47,1.95,14.35
592,589,Crewe Alexandra,English League Two,0.58,2.17,14.3
593,594,Vasby United,Swedish Allsvenskan,0.49,1.99,14.3
594,587,Tranmere Rovers,English League One,0.56,2.15,14.19
595,595,Saint Louis FC,United Soccer League,0.45,1.94,13.98
596,593,Black Leopards,South African ABSA Premier League,0.45,1.94,13.94
597,597,Oklahoma City Energy FC,United Soccer League,0.58,2.22,13.81
598,598,Rio Grande Valley FC Toros,United Soccer League,0.58,2.22,13.81
599,602,Colchester United,English League Two,0.46,1.99,13.75
600,601,Falkenbergs FF,Swedish Allsvenskan,0.57,2.24,13.42
601,588,Forest Green Rovers,English League Two,0.34,1.84,12.53
602,605,Rochdale,English League One,0.48,2.18,12.2
603,600,Mansfield Town,English League Two,0.47,2.18,12.06
604,603,Las Vegas Lights FC,United Soccer League,0.57,2.39,12.05
605,607,Hartford Athletic,United Soccer League,0.78,2.88,11.42
606,608,Stellenbosch FC,South African ABSA Premier League,0.33,2.01,10.74
607,604,Oldham Athletic,English League Two,0.41,2.22,10.6
608,609,Bolton,English League One,0.45,2.36,10.27
609,606,Salford City,English League Two,0.38,2.21,10.13
610,610,Swope Park Rangers,United Soccer League,0.68,2.87,9.98
611,611,Birmingham Legion FC,United Soccer League,0.39,2.26,9.95
612,613,Southend United,English League One,0.61,2.75,9.92
613,612,Bethlehem Steel FC,United Soccer League,0.71,2.98,9.62
614,614,Atlanta United 2,United Soccer League,0.62,2.88,9.09
615,615,Tacoma Defiance,United Soccer League,0.57,2.78,9.08
616,616,Newport County,English League Two,0.2,1.9,9.0
617,617,Memphis 901 FC,United Soccer League,0.32,2.23,8.92
618,618,Tulsa Roughnecks,United Soccer League,0.47,2.63,8.56
619,620,Cambridge United,English League Two,0.22,2.01,8.5
620,619,Leyton Orient,English League Two,0.37,2.44,8.22
621,621,Stevenage,English League Two,0.2,2.02,8.12
622,622,Port Vale,English League Two,0.2,2.15,7.28
623,625,Grimsby Town,English League Two,0.2,2.17,7.11
624,626,Macclesfield,English League Two,0.2,2.18,7.06
625,627,Walsall,English League Two,0.2,2.2,6.97
626,623,Crawley Town,English League Two,0.26,2.39,6.87
627,624,Carlisle United,English League Two,0.24,2.33,6.86
628,628,Colorado Springs Switchbacks FC,United Soccer League,0.2,2.45,5.6
629,629,Morecambe,English League Two,0.2,2.54,5.18
